country,product,n_obs,mean_yld,median_yld,q25_yld,q75_yld,sd_yld,iqr_yld,min_yld,max_yld
Angola,Avocado,12,11.33961217981725,11.807496066743138,11.32035770647028,12.596358792184724,2.018414977449699,1.2760010857144444,7.256410256410256,13.499794722502145
Angola,Banana,181,19.84256115170178,20,15.913454545454544,23.44632768361582,6.599477957623941,7.532873138161277,2.062025956514411,44.41023682200153
Angola,Beans (mixed),294,0.35166565953775525,0.35001617093240384,0.3,0.40397698451206665,0.11761150393305071,0.10397698451206666,0.03801652892561983,0.9159505932734294
Angola,Cabbage,39,10.56921118758878,9.433962264150944,7.6875,13.5531914893617,3.884716226975176,5.8656914893617,4.219298245614035,18.01416430594901
Angola,Carrots,15,13.570353784746027,12.537735849056604,11.126039152587825,17.336176445629345,4.304075348727269,6.2101372930415195,6.843581645922348,19.051248783652287
Angola,Cassava,319,7.307697055190422,6.620313397325457,4.949547723928702,9.649943758901903,3.3202004754244956,4.700396034973202,1.7662863756613756,18.60003850676275
Angola,Chili Pepper,18,2.4888580423257656,2.5926640926640925,1.816678520625889,3.0098137315270934,0.8808681005159766,1.1931352109012043,1,4.285157771717959
Angola,Coffee,27,0.2602547596197641,0.25,0.13142399222966208,0.33784770065486075,0.1823464448478629,0.20642370842519867,0.01272727272727272,0.7524083769633508
Angola,Cowpea,1,0.3000119146908138,0.3000119146908138,0.3000119146908138,0.3000119146908138,NA,0,0.3000119146908138,0.3000119146908138
Angola,Garlic,56,4.734980203153253,4.587138600964134,3.654565058523938,6.013167986726357,1.5368344380296983,2.358602928202419,1.989792762140427,7.971164779187701
Angola,Green Bean,1,1.564102564102564,1.564102564102564,1.564102564102564,1.564102564102564,NA,0,1.564102564102564,1.564102564102564
Angola,Groundnuts (In Shell),240,0.46744056976613263,0.4000370918482478,0.30001325794885353,0.6042871835112843,0.21704790860249137,0.30427392556243077,0.07819697010037541,1.6263569859449314
Angola,Lemon,36,9.245174507603556,9.608357965653099,7.847610758837913,10.792145221089564,2.3129730852680805,2.944534462251651,4.200531208499336,13.803658081373648
Angola,Maize,378,0.5847290164934873,0.599939386745753,0.4399881845809419,0.7100847340865252,0.21966460430050588,0.27009654950558326,9.909647333139e-4,1.2121427931348363
Angola,Mango,35,10.119056777507156,9.495521273948745,8.298365094241383,10.90206274372854,3.4784361322941217,2.603697649487156,5.783567134268537,26.663420967218432
Angola,Millet,140,0.33998636537923127,0.3515245162387634,0.2126827448769971,0.4123846507452859,0.14898424592152834,0.19970190586828881,0.00100179632444383,0.7499965407978304
Angola,Okras,9,3.56082957722302,2.650273224043716,1.9090909090909092,4.761904761904762,2.058659526174369,2.8528138528138527,1.7692307692307692,6.818181818181818
Angola,Onions,42,12.943186495974057,12.940835253705739,10.18032786885246,16.52039381153305,3.7190606892717195,6.3400659426805905,6.616161616161616,19.602240896358545
Angola,Pineapple,53,12.906486698096213,13.143988480921529,10.962962962962964,14.744367417677642,3.019581247914429,3.7814044547146786,6.101498445009895,20.712968299711815
Angola,Potato,191,5.844048465003632,5.499985175082278,4,7.249342840852714,4.03251577163183,3.249342840852714,1.390005198157343,39.25
Angola,Rice,83,0.9515060785895951,0.783625730994152,0.6788543268184467,1.199554928725154,0.5698067885080634,0.5207006019067072,0.3,4
Angola,Sorghum,103,0.2981150009242462,0.3308625336927224,0.17457056617080863,0.3870105062082139,0.15650572704886986,0.2124399400374053,0.02909006283453572,0.7
Angola,Soybean,55,0.5802985471188028,0.5,0.40805812684768195,0.6403633131503417,0.5141339487768104,0.23230518630265973,0.0890573751010125,3.018235294117647
Angola,Sweet Potatoes,284,6.5582264453839585,5.213476288551119,4.000215570791216,8.00018509378085,3.2000372238170867,3.999969522989634,1.500342700479781,16.415399322151735
Angola,Tomato,40,13.980980366166259,13.920992866343454,10.628285183252903,17.36808428649774,4.211579589594553,6.739799103244838,6.882352941176471,24.00007811889696
Angola,Wheat,2,0.817459401380605,0.817459401380605,0.7137260927378777,0.9211927100233324,0.29340210390475824,0.20746661728545468,0.6099927840951505,1.0249260186660596
Benin,Bambara groundnut,1073,0.8166502988132315,0.7851614858720911,0.6294820717131474,0.9019210977701544,0.45455136750856456,0.272439026057007,0.06113902847571189,12.056224899598394
Benin,Cabbage,286,14.340058925364158,14.039697412775633,10.539485875822852,17.51025,5.773345575973549,6.970764124177148,1.1666666666666667,45
Benin,Carrots,257,12.400469765026257,11.480529043669778,8,15.486363636363636,6.163044763879582,7.486363636363636,1.9006697247706423,30.41900079777843
Benin,Cassava,2045,11.61844867513722,11.349405548216644,8.434488461249343,14.033847784804852,5.007844135647314,5.599359323555509,0.01233333333333333,87.3529411764706
Benin,Cowpea,2038,0.7745607937930096,0.749498953648176,0.6233965079402951,0.8796161992664078,0.319264853657603,0.25621969132611266,0.02333333333333333,6.8076923076923075
Benin,Cucumber,182,12.767711231008246,11.027976205046032,7.5076491325838415,16.078542539637475,7.551643666601591,8.570893407053633,0.9274358506657324,49.32075471698113
Benin,Eggplant,822,10.239073685087787,8.766149870801033,6.2360822649572665,13.16664913474964,5.553896396307104,6.930566869792374,1.128984375,33.29731413009112
Benin,Fonio,159,0.5901551331006207,0.5752066115702479,0.4660398609056622,0.6479166666666667,0.20371139784942285,0.1818768057610045,0.2,1.8846153846153848
Benin,Geocarpa groundnut,400,0.5986255365155456,0.6,0.5,0.6666666666666666,0.1525829384117679,0.16666666666666663,0.0975609756097561,1.4285714285714286
Benin,Goussi,1000,0.7729237111354184,0.6407547169811321,0.5323006375282787,0.825,0.5730386205795641,0.29269936247172124,0.10294117647058824,12.509364358683316
Benin,Groundnuts (In Shell),2033,0.8866161909791731,0.8312613761147699,0.6992481203007519,1.0303967027305512,0.2966330797204701,0.3311485824297993,0.13157894736842105,2.8904
Benin,Lettuce,569,10.779900852688609,10,7.1,13.712003709184318,5.117430786403747,6.612003709184318,1.1625,27.63403833162099
Benin,Maize,2061,1.172588938398552,1.07961206165612,0.9088,1.3674094148348892,0.39941013071691034,0.45860941483488915,0.03512544802867384,3.866009492515517
Benin,Millet,695,0.8257719043786528,0.7999999999999999,0.6999241993690766,0.9312832459522296,0.2352265489648648,0.23135904658315298,0.24,2.510948905109489
Benin,Molokhia,417,8.030065428541334,7.366497885676893,4.942796827943866,10,4.3998241421619895,5.057203172056134,0.98885,30.9375
Benin,Okras,1503,3.3742923812272587,2.9188775061649546,2.3431349604325233,3.984236422396985,1.9351847365009112,1.6411014619644617,0.2,36.22222222222222
Benin,Onions,359,11.364623937735816,10,5,15.500000000000002,8.052981045551668,10.500000000000002,0.6666666666666666,42.77777777777772
Benin,Pigeon Pea,662,0.6449095304909466,0.5829808429558272,0.5,0.7139929742388759,0.4334607369213557,0.21399297423887587,0.04347826086956522,8.387596899224807
Benin,Pineapple,82,54.52259808077825,56.369777005022904,47.31111111111111,62.80839874411303,12.611371174491092,15.497287633001918,14.081818181818182,78.0811232449298
Benin,Potato,90,11.572557328012145,10.5,9,14.5,4.913828202255169,5.5,2.0358377435326047,24.79533075599849
Benin,Rice,1608,2.7145185318493077,2.5908350171045695,2,3.3333846034153174,1.0576656327325031,1.3333846034153174,0.02539323532435489,10.631782945736434
Benin,Sesame Seed,204,0.621746900541753,0.5769692353889946,0.48747998204078663,0.6788552934271335,0.32404229514043426,0.19137531138634684,0.12515796842840285,2.8944929250355456
Benin,Sorghum,1112,0.8950099315538511,0.8436287878787878,0.6813923151390651,1,0.44173870347828936,0.31860768486093494,0.1446511226211845,10.02061855670103
Benin,Soybean,1181,0.8940810032168035,0.8333333333333357,0.676352695758894,1.0093457943925233,0.39971027234720424,0.33299309863362925,0.07555555555555557,7.3
Benin,Sugarcane,90,27.69195785912888,26.61984126984127,22.084478021978022,32.00000000000001,12.283438157272935,9.915521978021985,2.698224852071006,63.035714285714285
Benin,Sweet Potatoes,1897,5.42809493948385,5,3.596026490066225,6.8,2.6803959466531566,3.2039735099337747,0.04098360655737704,24.071428571428573
Benin,Taro,447,3.8020270032648336,2.9,1.8317237400937607,5,3.246841720326764,3.1682762599062393,0.1286843997124371,32
Benin,Tomato,1965,6.390156854107743,5.112248900873779,3.629044188557657,7.334245770696493,5.3703653336981665,3.7052015821388364,0.05709969788519637,103.08256880733946
Benin,Watermelon,193,18.81544836704247,15.937254901960785,14.461538461538462,19.46030746325947,10.183301616920069,4.998769001721007,1.45,60
Benin,Yams,1308,11.543159029125079,11.636817743490834,9.149581209147993,14,3.7491563295524752,4.850418790852007,0.00387096774193548,47.154545454545456
Burkina Faso,Bambara groundnut,1377,1.0444353897975247,0.8204393505253104,0.592854843900869,1.1084043848964678,1.5713981201141565,0.5155495409955988,0.0131578947368421,25.446066003297247
Burkina Faso,Cotton,952,0.9541560477886024,0.9799274810868884,0.7080567533754645,1.2006874764550692,0.41515382674163986,0.49263072307960476,4.3493389004871e-4,4.625
Burkina Faso,Cowpea,1368,0.6139854001837018,0.525235294117647,0.29502027599124314,0.8180454545454545,0.4698370317477766,0.5230251785542114,0.03591682419659735,6.221680252823201
Burkina Faso,Fonio,283,0.718687760349463,0.6753809681054573,0.45235394214407254,0.9,0.4894248892006972,0.4476460578559275,0.03125,6.687852607811131
Burkina Faso,Groundnuts (In Shell),1448,0.7557293476219586,0.7635891039502117,0.5897851072429195,0.9238720838686487,0.26199408648970046,0.33408697662572917,0.00664251207729468,2.976083707025411
Burkina Faso,Maize,1594,1.3157994428529263,1.201619933237959,0.817812602559895,1.6163376262606077,0.7552781498890639,0.7985250237007128,0.03401596667823672,10
Burkina Faso,Millet,1498,0.8178571033404921,0.780100433428407,0.61771404450152545,0.9718129061934355,0.33315069158093946,0.35409886169191007,0.01627173802501779,3.703187250996016
Burkina Faso,Potato,32,23.867568431421866,25,25,29.25,7.659805612931307,4.25,2.4,35
Burkina Faso,Rice,1910,1.8335804865983998,1.641499999999998,1.09520842976525,2.4921869613762317,0.9644584643544335,1.3969785316109817,0.02000000000000002,5.6502890173410405
Burkina Faso,Sesame Seed,1151,0.5774635111726977,0.525,0.3577462455381113,0.7234517334446574,0.35540503751826186,0.3657054879065461,0.00548926014319809,3
Burkina Faso,Sorghum,1494,0.9627714775069871,0.9325595312068586,0.7349623383831936,1.1256990227389223,0.3733719445617256,0.3907366843557287,0.01374635354362106,3.526849714493986
Burkina Faso,Sorghum (Red),583,1.1516878995131032,1.062554479550551,0.8903266290470389,1.2666901444334004,0.6592078243506725,0.3763635153863616,0.01154320295864619,8.36211099625712
Burkina Faso,Soybean,636,1.8232323599998235,0.8096451703683714,0.5475740740740741,1.1145774573573557,14.870804143977201,0.5670033832832816,0.04864762757438989,336.1870222144274
Burkina Faso,Sweet Potatoes,569,7.533647625511889,5.8130434782608695,3.142857142857143,9.643016626268292,7.823920156506977,6.500159483411149,0.31530139103554866,117.23388540080268
Burkina Faso,Yams,307,7.301351536418083,6.578865030187814,4.997578692493947,8.905670136074734,5.2831528200480875,3.908091443580787,0.24472487160674977,63.25972748419507
Burundi,Banana,130,14.891156480894539,7.684788494570439,2.8521953722850286,16.695779372757062,24.14646860223505,13.843584000472035,0.06109324758842444,183.88888888888889
Burundi,Beans (mixed),16,0.6563141868046374,0.6738129182797936,0.502208209925905,0.7911416847438922,0.27353059093043347,0.28893347481798726,0.21639666508506744,1.2907303370786516
Burundi,Bush Bean,137,0.7361680873822393,0.6845616757176105,0.5297709923664122,0.79182156133829,0.6991176797655108,0.26205056897187773,0.00189393939393939,7.669312169312169
Burundi,Cassava,144,9.364554907420793,6.61772680104346,4.448478441665657,10.649481783298391,8.900818084456427,6.201003341632735,0.13823385916409173,53.58365425759521
Burundi,Cowpea,45,2.9598441328870218,0.7177700348432056,0.4878048780487805,1.5348432055749128,6.1761325556413835,1.0470383275261324,0.0784313725490196,27.96296296296296
Burundi,Groundnuts (In Shell),89,0.6005216950444864,0.5504587155963303,0.4522058823529412,0.6056338028169014,0.350202044426634,0.1534279204639602,0.02314814814814814,2.1346153846153846
Burundi,Maize,128,2.353215637899764,1.4047740414910086,0.9431458235858614,2.413622660715684,2.810077819263241,1.4704768371298227,0.04504504504504504,20.4
Burundi,Millet,45,0.5936313737312514,0.5757575757575758,0.25925925925925924,0.8342541436464088,0.3968505600808105,0.5749948843871495,0.02978723404255319,1.9191919191919191
Burundi,Pea,83,4.47036652567461,1.7901234567901234,1.0156818181818181,4.024517228322605,7.9183599516862255,3.0088354101407866,0.1,48.8
Burundi,Pigeon Pea,32,2.7432735692622043,1.0767195352579173,0.6765056022408963,3.1173982273065857,3.568984047086188,2.4408926250656893,0.0100502512562814,14.974683544303796
Burundi,Pole Bean,112,0.7338967179474815,0.7424331376386171,0.6296641613999128,0.8076752097734881,0.19965175761105305,0.1780110483735753,0.21428571428571427,1.4153869545385434
Burundi,Potato,139,5.911985927260284,4.194,2.8812745098039216,6.674820981023989,8.001016174133715,3.793546471220067,0.096,79.25714285714285
Burundi,Rice,85,2.4001553566194676,2.1020608439646713,0.8762886597938144,3.345858585858586,1.8201899954380791,2.4695699260647714,0.00620155038759689,7.6816074188562595
Burundi,Sorghum,73,0.7155422872564285,0.7521793275217933,0.5474660956459672,0.8995215311004785,0.3606601061984379,0.35205543545451135,0.00132802124833997,2.142857142857143
Burundi,Soybean,68,0.7490815401085273,0.58008008008008,0.3,0.9649778807668001,0.7906601091641996,0.6649778807668001,0.0267379679144385,4.871794871794871
Burundi,Sunflower Seed,4,0.6181883365200764,0.5220909587544387,0.27777929527451517,0.8625,0.4519072990892956,0.5847207047254849,0.22857142857142856,1.2
Burundi,Sweet Potatoes,159,8.215293940945475,6.986590038314176,4.35,9.696354954110081,5.9842271961778515,5.346354954110081,0.2729740209383482,42.53878406708595
Burundi,Taro,113,8.20864288200162,5.010752688172043,2.4,10,10.750130860837128,7.6,0.09826589595375725,74.48
Burundi,Wheat,46,0.7300490102679654,0.7408525910364145,0.5025815217391304,1,0.39862126091325867,0.4974184782608696,0.03076923076923077,2.262536873156342
Burundi,Yams,16,2.6865483216763155,1.5871212121212122,0.612804564613961,4.370098039215686,2.7061838358533183,3.7572934746017252,0.1282051282051282,8.734177215189874
Cameroon,Bambara groundnut,60,0.7218497163129333,0.6895578571127028,0.613895850737956,0.8190939488227371,0.21914428340626985,0.20519809808478107,0.1650390625,1.5
Cameroon,Banana,318,9.885814700249984,9.01472439238216,7.61382528856139,10.9717277486911,5.692310996028452,3.3579024601297096,1.4,89.73863636363636
Cameroon,Beans (mixed),459,0.9845871336919406,0.9023668639053254,0.6427157784327351,1.19782728353773,0.49135805761996304,0.5551115051049949,0.19112455874936965,2.8214182344428367
Cameroon,Cassava,434,13.620948982471289,9.615117752568587,6.631631991662748,12.824068597555852,31.04497504590589,6.192436605893104,1.9583333333333333,367.6666666666667
Cameroon,Cowpea,13,0.9838804807122046,1.0352303523035231,0.8582089552238806,1.056555269922879,0.12242573370494989,0.19834631469899844,0.8,1.1290322580645162
Cameroon,Groundnuts (In Shell),608,0.802705044443182,0.7063756973375968,0.4877480411420809,1.0801842141584623,0.41921394821941177,0.5924361730163814,0.16200852676456656,2.1463414634146343
Cameroon,Maize,704,2.280382336254816,2.2703296703296703,1.64332815231697,2.9194471913339175,0.8836591488758625,1.2761190390169475,0.1441155743481325,5.16353591160221
Cameroon,Melon,22,10.925341223761452,6.806120801033591,3.7447250702488724,19.372093023255815,8.342837142084884,15.627367953006942,2.5593005575266092,24.053691275167782
Cameroon,Millet,172,1.5812030113852484,1.6030844573723226,1.1076350604623924,2.0277676262660385,0.5965214517868358,0.9201325658036461,0.24668705402650357,3.13151239251391
Cameroon,Okras,149,2.2114274081738787,2.363636363636364,1.422330097087379,2.5078125,1.0453118942730524,1.085482402912621,0.3663929248262792,8.03076923076923
Cameroon,Onions,17,13.313829089499086,13.593625498007968,10.809139784946236,16.523364485981308,6.774228457383648,5.7142247010350715,1.3333333333333333,31.71794871794872
Cameroon,Pam Nut,190,4.979284762029038,2.806809856809857,2.3807736208232506,3.253227187337565,7.765093932618634,0.8724535665143143,1.1902346227013316,46.375
Cameroon,Pineapple,15,17.7350648353705,20.861344537815125,8.360627177700348,22.9309214188827,8.01101888953626,14.570294241182353,6.2,27.268271711092005
Cameroon,Potato,219,5.112126873019354,4.751269035532995,2.6022629575042986,6.684659090909091,3.391374357642018,4.082396133404792,0.6178861788617886,18.379194630872483
Cameroon,Rice,228,1.8102100696304948,1.6238494367101057,0.8650852878464819,2.5900175834907904,1.0356686610254873,1.7249322956443085,0.27692307692307694,4.3424317617866
Cameroon,Sesame Seed,85,0.24851027220180383,0.18055555555555555,0.11225114854517612,0.3125,0.251070812096314,0.20024885145482388,0.0646,1.566829268292683
Cameroon,Soybean,246,0.7115026906687888,0.6443243243243244,0.42857142857142855,0.9279050736497545,0.35322252665289317,0.49933364507832595,0.15053763440860216,1.648148148148148
Cameroon,Squash and Melon Seeds,292,1.4673988966707332,1.1840657794343894,0.7787916280028869,1.4999318553516263,1.237342491001523,0.7211402273487394,0.25396825396825395,8.275862068965518
Cameroon,Sweet Potatoes,447,6.218775525870491,5.935483870967742,3.5494004909365557,7.843205574912892,3.4089097532743464,4.293805083976336,0.6612244897959184,19.681818181818183
Cameroon,Taro,492,6.381283740587645,6.292257924019332,3.6045418145298243,8.828047227688389,2.9897650502427275,5.2235054131585645,0.8959459459459459,13.450657894736842
Cameroon,Tomato,166,12.515833204700009,11.860423742519812,8.311362555928412,16.06785813372792,5.399175587968212,7.756495577799509,2.9375,25.90625
Cameroon,Watermelon,30,24.30033105602007,24.85960591133005,22.026727208327593,28.87077500853534,7.212477457771455,6.844047800207747,6.555555555555555,38
Cameroon,Yams,396,8.66972936144812,9.650863252771398,6.5688131313131315,10.19188725060124,2.51773628329842,3.623074119288109,1.388621794871795,14.482758620689657
Central African Republic,Cassava,48,3.3447696468135275,3.1213414994653546,2.6343972815021877,3.920276784422869,1.422572283800882,1.2858795029206815,1.0051922688380912,7.100000000008685
Central African Republic,Groundnuts (In Shell),48,0.9734040711983265,0.9230617493737605,0.8437219200744517,1.0446762751299712,0.23028117540313517,0.2009543550555195,0.500000000003426,1.539547022929966
Central African Republic,Maize,48,0.7997867252933765,0.8,0.5,1.0918221419412606,0.31080600682571724,0.5918221419412606,0.3969280778339817,1.399999999999321
Central African Republic,Rice,36,1.414825530344836,1.3590937776226848,1.2562040946485236,1.6387053521443262,0.3675218372346907,0.38250125749580266,0.7000000001714862,2.1186915971829197
Central African Republic,Sesame Seed,42,0.6482343223223737,0.5348525957789327,0.2999999999986053,0.9000000000060759,0.4332548315769814,0.6000000000074706,0.09999999999699294,1.4000000000002106
Chad,Bambara groundnut,120,0.7826972569648509,0.75,0.5,0.97475,0.3171258326236409,0.47475,0.18,1.667857142857363
Chad,Cassava,173,8.276209841346756,8,4.5,11.49981308411215,4.734304715157716,6.99981308411215,0.4500625,25.914634146341463
Chad,Cowpea,322,0.5568514419162839,0.5202209554343701,0.42614807874762806,0.6459234493354844,0.22370726250649084,0.21977537058785634,0.075,1.4239587715607909
Chad,Fonio,31,0.44547552580498134,0.4298696167522718,0.39441860465116285,0.47460434302539567,0.11725654056340017,0.08018573837423282,0.302158273381295,1
Chad,Groundnuts (In Shell),434,0.9268498080861031,0.91,0.6857252813111033,1.1196311654299398,0.36523074934650057,0.43390588411883646,0.022,3.4
Chad,Maize,425,0.8814572040827121,0.8050049828368951,0.6174,0.993069306930693,0.4410543448117137,0.375669306930693,0.08793503480278422,2.7
Chad,Millet,560,0.5105854635345276,0.522198854909323,0.3796667861593349,0.6501153936512762,0.19439940013435808,0.27044860749194133,0.02512158201552385,1.132
Chad,Rice,349,1.5467820680527014,1.2775678949381617,0.9,1.90625,0.9921603700219452,1.00625,0.03154289834174477,6
Chad,Sesame Seed,394,0.38204496448170655,0.3499999999999999,0.27,0.49375,0.18492188580908617,0.22375,0.0410958904109589,2.5
Chad,Sorghum,825,0.7148224581043379,0.7,0.5489736070381231,0.8373334532055392,0.29537288357644037,0.28835984616741606,0.01376146788990825,2.517
Chad,Sweet Potatoes,86,7.562822525646743,6.5,5,8.41725,3.7466256122634327,3.4172499999999992,3.24,19.522088353413658
Chad,Taro,46,3.2150355905897325,2.3935,1.4689312500000002,5.999999999999999,2.040061999199873,4.531068749999999,0.7999999999999999,6.33
Chad,Wheat,28,1.6988457857498727,1.75,1.3900995724242957,2,0.4881837917834183,0.6099004275757043,0.743321718931475,2.64
DRC,Banana,80,8.168565535442022,4.590000433988115,2.86173530551238,4.590001340312038,24.371529310641115,1.728266034799658,0.00350609212724543,209.77709081541423
DRC,Cassava,84,10.60000123303093,10.600000380634333,10.60000019660318,10.600001099978687,1.9711786591043295e-6,9.033755077325623e-7,10.599999858665184,10.60000975591134
DRC,Maize,80,1.0136912322356897,1.1400000274902355,1.1400000072341279,1.140000076076394,0.2959627653975768,6.884226610992528e-8,1.1400000001598e-4,1.1400005652502958
DRC,Rice,80,2.832019702429292,1.2800001190369468,1.2800000353719783,1.280000443608876,14.172772249047249,4.082368978419737e-7,1.28e-4,128
Ethiopia,Avocado,196,5.786217307750345,6.149092063790752,2.881000027694141,8.055203332513983,3.0204690908420733,5.174203304819843,0.10779046339825384,15.987077800552536
Ethiopia,Banana,386,6.536276618797426,6.155307121049809,4.219153485108331,8.65331961530725,2.9473609147731454,4.4341661301989195,0.11000019837727391,15.398967097787368
Ethiopia,Barley,760,1.2188133939379664,1.1555212819242235,0.9138771743200087,1.4533973121772208,0.4316187641172219,0.5395201378572121,0.22878942159456428,3.9121065375302666
Ethiopia,Beans (White),568,0.9492112351206097,0.9155200768405027,0.6846625766871166,1.184471011164212,0.41195687054287855,0.49980843447709544,0.02280084447572132,4.35243553008596
Ethiopia,Beet,99,10.131103704234464,11.154054054054054,8.102508505783934,12.49878803537146,3.0222006909431807,4.396279529587526,0.2633834346018548,15.342703533026114
Ethiopia,Cabbage,158,8.914237406256879,9.216859737696579,6.297379188444481,10.74902687956975,3.1256553379303145,4.4516476911252685,0.3709205020920502,19.764044943820227
Ethiopia,Carrots,6,7.959469294967156,8.920333611645551,5.7454373259225715,10.45118458764793,4.5013749027260594,4.705747261725358,0.7997835497835497,13.467758186397983
Ethiopia,Chick Peas,385,1.0091461409006528,0.9761678704951992,0.7015740740740741,1.2807324412939465,0.4720159263879245,0.5791583672198723,0.12236024844720496,2.984442961137048
Ethiopia,Chili Pepper,183,1.8071859975036588,1.4252564102564105,1.103445345725358,1.8293448343654775,1.5572220670877028,0.7258994886401196,0.3000075734625871,13.098130841121495
Ethiopia,Coffee,423,0.5859352437726988,0.589998909746863,0.4301552003883563,0.7358868028542898,0.2416088044064414,0.30573160246593345,0.05789473684210527,2.598066511987626
Ethiopia,Ethiopian Cabbage,227,9.16091355679983,9.63953722334004,8.113255364092627,10.096924190019058,2.6513980389133054,1.983668825926431,0.4500075754445408,22.04478398314015
Ethiopia,Fava Bean,728,1.284228819740586,1.1946716416823602,0.9609255063162517,1.4857045650248217,1.148903863202093,0.52477905870857,0.0817155266015201,29.92194174768901
Ethiopia,Fenugreek,269,0.6154301192877328,0.5954710676888076,0.3718446601941748,0.8121527283088759,0.3080570898921305,0.4403080681147011,0.02909090909090909,1.5748108996599393
Ethiopia,Field Peas,612,0.9729212264344762,0.9182548245567258,0.6977908049397411,1.1790231168424947,0.37440140887905154,0.4812323119027536,0.09956896551724136,2.4923442387655257
Ethiopia,Garlic,181,11.66705687441838,13.064572864321608,8.750614548531452,14.653409090909092,3.910500009399083,5.90279454237764,0.1908781484002723,19.93889331210191
Ethiopia,Green Peppers,222,10.388295737937357,8.584788714413381,6.368876854084549,9.873462323142977,33.52859902091416,3.504585469058428,0.30000821085475,506.1507462686568
Ethiopia,Groundnuts (In Shell),108,0.9929840583116041,0.9128264552725815,0.654591096486211,1.2451952114871632,0.4591983679265364,0.5906041150009521,0.08560842387646618,2.972802386769801
Ethiopia,Hops,383,1.7773212271487804,1.27,0.800621028997277,1.940985141874269,2.2710065505358483,1.140364112876992,0.03226550570193963,22.718401122019635
Ethiopia,Lemon,78,7.539482668195687,5.921374865735771,2.938603149427892,9.940999840603919,6.4250160513520544,7.002396691176027,0.2,32.8
Ethiopia,Lentils,320,0.748340850598537,0.6809008199042051,0.502076715923215,0.9340611353711792,0.3479717904457591,0.4319844194479642,0.09844094922737306,1.9033873573732203
Ethiopia,Linseed,482,0.5556854121106392,0.49246849994479314,0.3357682159841178,0.7095394372378607,0.29219039503270416,0.3737712212537429,0.04238469523950763,1.5700639870849793
Ethiopia,Maize,982,2.0145237639526887,1.9337115285532391,1.5097562898909023,2.4207553820335983,0.7409263341004864,0.910999092142696,0.10956521739130434,5.655808014883497
Ethiopia,Mango,239,7.824375019537112,8.259034080554036,5.3012102874432685,10.570222113064629,3.604786256784727,5.2690118256213605,0.08881162605631134,15.811728559978626
Ethiopia,Millet,383,1.244105081760245,1.1396894816377068,0.9298746967916607,1.50916575177,0.4469161131099997,0.5792910549783392,0.2069371196754564,2.8016001905061705
Ethiopia,Mung bean,6,0.911373750989308,0.9623994732962489,0.8105310707832555,1.0416495561792791,0.15999722924018628,0.23111848539602364,0.6661327833335373,1.049336255590599
Ethiopia,Neug,351,0.5433179576071832,0.4952881777120184,0.35470068224852247,0.6593468511994214,0.24897379556738986,0.3046461689508989,0.08188705234159781,1.564089495123559
Ethiopia,Oats,189,1.0878193375175145,1.077390597884358,0.8683410442828816,1.3150684931506849,0.3973710224086536,0.44672744886780325,0.0473250670727286,2.5118959872973554
Ethiopia,Onions,182,11.548943624957953,12.27264653536898,9.3489891145765,13.379166666666666,5.34635653133906,4.030177552090166,0.5050827423167847,66.23742643231773
Ethiopia,Orange,199,11.775640123120327,9.537323575535808,4.802019679556223,17.371106727374706,8.197516123249008,12.569087047818481,0.24009756097560975,33.19815750371471
Ethiopia,Papaya,275,17.5351338996591,16.739999999999995,8.03142129205446,23.767914206750525,11.472869786596496,15.736492914696065,0.5955555555555556,55.47263714474553
Ethiopia,Pineapple,1,2.949785407725322,2.949785407725322,2.949785407725322,2.949785407725322,NA,0,2.949785407725322,2.949785407725322
Ethiopia,Potato,317,10.618226333154904,9.93100179933602,8.171257322085845,11.68182231780958,4.395623406575437,3.510564995723735,0.24500091279741984,26.738374767402888
Ethiopia,Rape,225,0.9992153158133175,0.8985468389725991,0.5701837985023825,1.31853350602376,0.5820888570523388,0.7483497075213774,0.03012987012987012,2.711012085296999
Ethiopia,Rice,22,1.6562432127702458,1.4723742389241867,1.0015625,2.1864498048145737,0.7659348029903514,1.1848873048145738,0.8150356584417071,3.1486402464210075
Ethiopia,Sesame Seed,223,0.6940330796563818,0.6665047040192864,0.5254809694056906,0.8281767758504679,0.29429549806329836,0.30269580644477734,0.01259114755961287,3.1578947368421053
Ethiopia,Sorghum,848,1.5221925936871152,1.4671902337959906,1.160389588574959,1.8387317377558132,0.5595767115012704,0.6783421491808541,0.1537111265103685,3.598961303692572
Ethiopia,Soybean,32,0.8772076864050942,0.7093665434369076,0.5251304827676284,1.0348024376700595,0.5006952412554837,0.5096719549024311,0.2,2.279001618859716
Ethiopia,Sugarcane,308,36.793677540277415,36.02437655475836,9.949223253296985,49.42073656568232,26.3163396391897,39.47151331238533,0.06637168141592921,149.0105887130433
Ethiopia,Sunflower Seed,39,1.0647218747783664,1.0316687124491246,0.7379329250129869,1.2807468842817369,0.45526476181500636,0.54281395926875,0.3843482801383722,2.6898532002348796
Ethiopia,Sweet Potatoes,332,12.410851914445704,9.999989386057266,9.110267263861918,11.470892928245707,11.668982496060302,2.3606256643837895,0.588000106472886,119.87012375753008
Ethiopia,Taro,128,10.74362478678668,8.014683109930479,7.878674948240166,9.14183855875255,6.874269859173372,1.2631636105123842,1.8999964345986544,34.086520022560634
Ethiopia,Teff,837,0.9672213312982995,0.9442741570898548,0.7325244166107507,1.1956583482161522,0.31941999817774497,0.4631339316054015,0.08850574712643679,1.8666271536186196
Ethiopia,Tomato,65,10.504143633535174,11.2433506044905,6.063021452799437,13.98800894854586,5.451160562720638,7.924987495746422,0.4520526002086128,23.705329593267884
Ethiopia,Wheat,691,1.4856185720797597,1.423312553222256,1.113200991799264,1.7815771824602915,0.5215503196233606,0.6683761906610275,0.3278846153846154,3.4426672545366306
Ethiopia,Yams,12,12.623047562597097,8.761419579543542,7.7684246135663315,12.059180562087487,9.728025625427906,4.290755948521156,4.149810569575548,33.73965618571848
Ghana,Banana,262,9.786110665893395,9,7.692661628883291,11,3.098203888212281,3.3073383711167086,4.932470588235294,24.2455291258561
Ghana,Cassava,364,14.674899548221193,14.478136937995886,10.143214295059082,17.154166666666665,5.278690862889718,7.0109523716075834,4.7,29.94
Ghana,Cowpea,196,1.327744117040209,1,1,2,0.5746745896417067,1,0.20563919589243757,3.5750801903286304
Ghana,Groundnuts (In Shell),195,1.3775700851198984,1.20219866940335,1,2,0.5192477809982613,1,0.36981710091297887,3.14697933600159
Ghana,Maize,416,1.7329017766692016,1.7545306863013987,1.2072365771960567,2,0.7191730920767566,0.7927634228039433,0.2451555460982582,5.507336956521739
Ghana,Millet,130,1.124546970327787,1,0.8300220939174592,1.143570441160744,0.43307641328762736,0.31354834724328473,0.4843975654612788,2.26693185055925
Ghana,Rice,412,2.2883008568826098,2,1.2741262118071977,3,1.2797970141606965,1.7258737881928023,0.45,7
Ghana,Sorghum,202,1.2466278378815072,1,1,1.5272777898199026,0.4546248630530855,0.5272777898199026,0.3916768188937925,2.5124257774749
Ghana,Soybean,100,1.6040123445678662,1.391314631040675,1,2,1.0868426620837695,1,0.03937512173124198,8.742735648476257
Ghana,Taro,260,6.726352413014327,6.8847433696875076,6,7.189524357699753,1.3827528141773229,1.189524357699753,2.07504179177148,16.519703744868
Ghana,Yams,342,13.085340974053064,14,9.740128325508607,17,4.568724022757277,7.259871674491393,3.6,22.3557441047514
Kenya,Bambara groundnut,36,5.5089186664428915,4.068627450980392,2.568814562862182,8.846218885281385,3.1469856311291187,6.277404322419203,2,10.32216494845361
Kenya,Banana,264,19.922639510814626,18.85407478427613,11.708748791571121,24.98258748317631,11.808028964658655,13.273838691605189,0.6866136285022484,57.78908188585608
Kenya,Barley,12,2.005736760432474,1.98,1.2758101518818945,2.642011278195489,1.0952883312847739,1.3662011263135945,0.37,3.6
Kenya,Beans (mixed),2200,0.9661918184508468,0.6138114475119336,0.4256990960506812,0.8985199748168499,3.9055489867581605,0.4728208787661687,0.00572727272727272,165.51724137931035
Kenya,Cabbage,215,27.74834218576027,26.08695652173913,19.398526979371468,36.388839706266246,11.920788950548314,16.99031272689478,4.148936170212766,68.16071428571429
Kenya,Canola Seed,48,3.782348714673292,3.595119313944817,3.2561590436590437,4.13566992014197,0.9511776475932308,0.879510876482926,2.45933014354067,7.392857142857143
Kenya,Carrots,64,13.69544519417282,11.810380214022086,8.352767014768911,19.885371179039304,7.569261859659675,11.532604164270392,1.7391304347826086,33.65079365079365
Kenya,Cashew (unshelled),53,0.7074044431239062,0.5747663551401869,0.4538981844072624,0.8624569460390356,0.4415756456935243,0.4085587616317732,0.3335462238543829,2.581967213114754
Kenya,Cassava,347,12.00923756939549,10.587188612099643,7.480960840665865,15.618047633672633,7.180713007358672,8.137086793006768,0.11191135734072022,60
Kenya,Coffee,341,0.6569117184838941,0.3660113812726332,0.17753623188405798,0.6323901071392811,1.1452136394042605,0.45485387525522314,0.0016,10
Kenya,Coriander,136,8.036111245850755,5.729490022172949,3.9583333333333335,9.334094684385382,7.518784089999581,5.3757613510520486,0.5384615384615384,49.5
Kenya,Cotton,370,0.6042964541205317,0.2500080585372143,0.1729059721300597,0.5662506178942165,2.8783746152063823,0.3933446457641568,0.0174990169091624,53.62
Kenya,Cowpea,355,1.5195172043282943,0.7239472750916184,0.4660559598059598,1.1820660028730963,2.290016342197137,0.7160100430671364,0.02195121951219512,17.398954703832754
Kenya,Groundnuts (In Shell),133,1.056953868930926,1.0554699537750385,0.8947368421052632,1.1506849315068493,0.2845588260637528,0.2559480894015861,0.4411764705882353,2.111111111111111
Kenya,Jute,51,0.8722823863896547,0.7095877458396369,0.5024735942596217,1.0790623782487656,0.6395488548824749,0.5765887839891439,0.08281573498964803,3.75
Kenya,Kale,307,17.57377804210477,15.523385300668153,9.533690885785601,22.470083408588188,11.448516559440549,12.936392522802587,0.5294117647058824,71.28491620111731
Kenya,Macadamia,104,4.729721761940533,5.801436515291937,4.657770213273451,6.133181374145229,2.236877784434937,1.4754111608717784,0.01333333333333333,6.916287534121929
Kenya,Maize,3100,1.47610468229637,1.3002435601056803,0.7766583547833548,1.99249982911825,0.9446747458868825,1.2158414743348953,0.00152834250179382,5.453181818181818
Kenya,Millet,772,0.7099726980588699,0.6666666666666666,0.5,0.8917095564038438,0.3985045238031272,0.39170955640384375,5.693680015183147e-5,3.296790036835643
Kenya,Mung bean,302,1.0592500954769168,0.5797881553869882,0.40377402984347316,0.8006323890252063,4.60111197423348,0.3968583591817331,0.01500784724038713,67
Kenya,Onions,117,13.712771879336296,13.14864864864865,10.456928838951312,15.882352941176473,5.719011983167646,5.425424102225161,3.49609375,37.66119402985075
Kenya,Pea,164,9.87452026562027,8.207131678962664,4.995,13.32238059977786,6.476675694299882,8.327380599777861,0.6102650874224478,38.151785714285715
Kenya,Pigeon Pea,26,0.5538341236140072,0.518954347826087,0.34442307692307694,0.7364903506660248,0.2840257908844934,0.3920672737429478,0.125,1.26
Kenya,Pineapple,100,28.777445262388238,23.966962168848568,16.290385964912282,40.02810928908184,17.49902450981019,23.737723324169558,4.285714285714286,118.49056603773585
Kenya,Potato,556,8.093190271724293,7.979300197082977,5.353337186402945,10.696969696969695,4.20459899147924,5.34363251056675,0.00638297872340425,25
Kenya,Pyrethrum,283,0.3327407184706591,0.2613350120578799,0.10339459319328206,0.48090673832763786,0.2977127338568094,0.3775121451343558,0.00176927296718937,2.007729449499118
Kenya,Rice,344,1.422902654595825,0.6786618380123124,0.26883357735480723,2.2175495396317055,1.5634456549321651,1.9487159622768984,0.03333333333333333,7.03204047217538
Kenya,Sesame Seed,224,0.5006290396441027,0.45,0.40223880597014927,0.6,0.19219518534341276,0.1977611940298507,0.04512820512820513,1.15
Kenya,Sorghum,699,0.9446979847337672,0.9,0.6300069156293222,1.1719715443536665,0.4537803201898866,0.5419646287243443,0.015334063526834611,2.7738446411012783
Kenya,Sugarcane,86,1.1161843821492023,1.000590916765153,0.8082201352251583,1.2069693975980886,0.5950847306352925,0.3987492623729303,0.3108142172926645,4.2024400777369895
Kenya,Sunflower Seed,312,0.738116466488924,0.5585165637897659,0.5,0.9610714285714286,0.4906739674799102,0.4610714285714286,0.01034482758620689,5
Kenya,Sweet Potatoes,369,11.044800093705868,10.709090909090907,7.5,13.88586956521739,6.66197583532399,6.385869565217391,0.25,92.384
Kenya,Taro,32,5.937044246506471,4.433811802232855,2.1979717813051147,9.9,4.501552043603826,7.702028218694886,0.39052863436123353,15.193548387096774
Kenya,Tea,216,8.604272186937582,7.959540590818467,5.144011708364564,10.53547445093303,7.524898404887427,5.391462742568466,0.791475439953929,90.4453781512605
Kenya,Tobacco,81,1.0239296813823968,1.0277777777777777,0.7534699272967614,1.3524137931034483,0.4058267433725006,0.5989438658066869,0.27692307692307694,2.065693430656934
Kenya,Tomato,243,15.721447746068021,15.579567779960708,4.784313725490196,23.69190776720255,11.645953969592991,18.907594041712354,1,49.35538881309686
Kenya,Watermelon,298,17.06825715005864,16.99990034546904,4.208498960208509,24.171140939597315,16.594256918076724,19.962641979388806,0.07142857142857142,191.11111111111111
Kenya,Wheat,632,1.8831181024970283,1.8,1.3087508609885399,2.4300607560714287,0.8922666209805568,1.1213098950828888,0.02352941176470588,7.16484375
Kenya,Yams,8,7.55873309418062,9.21875,4.430861594330229,10.108851570016618,3.1798825015433403,5.67798997568639,2.6666666666666665,10.323529411764708
Lesotho,Beans (mixed),366,0.6621155601892462,0.7549709439099836,0.423476665987365,0.9518865699799551,0.32538992481517565,0.5284099039925901,0.0029585798816568,1.2847736625514403
Lesotho,Maize,396,0.6676315580835823,0.6047266002576444,0.3910096726190476,0.878898414506746,0.37364371243624045,0.4878887418876984,0.05208333333333333,2.674618320610687
Lesotho,Oats,1,0.09090909090909093,0.09090909090909093,0.09090909090909093,0.09090909090909093,NA,0,0.09090909090909093,0.09090909090909093
Lesotho,Pea,364,0.32795873918861596,0.2583705057236524,0.11556490384615387,0.45160377358490567,0.2816709563282705,0.3360388697387518,4.1407867494824e-4,1.5688622754491015
Lesotho,Sorghum,388,0.5524445638436319,0.5063677069199457,0.30764955681591477,0.7511014077163711,0.3333711550923835,0.44345185090045636,0.00833333333333333,1.7230614300100704
Lesotho,Wheat,384,0.5813092564906461,0.4756939404389555,0.2616408450704225,0.738223831964369,0.49390149624111596,0.4765829868939465,0.00106382978723404,4.987341772151899
Liberia,Cassava,58,7.639633383267813,7.8282529365843025,6.925742574257425,8.593052725420275,1.3491720722204417,1.6673101511628499,4.2465753424657535,10.477272727272728
Liberia,Rice,75,1.2065587379432123,1.1995490417136414,1.129468234573773,1.27002593657244,0.10929681327928606,0.14055770199866702,1,1.4799560680944537
Madagascar,Beans (mixed),462,0.9227881930591371,0.8805857358125139,0.8005162281168993,1,0.28922627518247557,0.19948377188310074,0.2608940911013961,2.1444259567387687
Madagascar,Cassava,396,6.387300578198814,6.319467963852479,5.29564285304429,7.3057796390095895,1.8581015187423273,2.010136785965299,0.852760736196319,14.67249562827879
Madagascar,Coffee,311,0.4045080356172791,0.3375766148043376,0.2928905512326785,0.457002457002457,0.19995911632814206,0.16411190576977852,0.07250755287009064,1.64
Madagascar,Groundnuts (In Shell),411,0.9197998069534374,0.7555771096023278,0.6205274383558914,0.9814668589215416,0.6562856333712259,0.3609394205656502,0.2618384401114206,9.428571428571429
Madagascar,Maize,397,1.2259968656358657,0.9376019575856444,0.7424892703862661,1.4007029876977153,0.9139859397625937,0.6582137173114492,0.2661290322580645,5.695555555555556
Madagascar,Pigeon Pea,72,1.6013540812401228,1.6365363890171878,1.3842362528635226,1.8392857142857144,0.4574715920273052,0.4550494614221918,0.6043290043290044,3
Madagascar,Potato,195,4.6206408389266755,4.141012216404887,2.818699879680178,5.841616138964653,3.689529160463326,3.022916259284475,0.4444444444444444,28.153061224489797
Madagascar,Rice,484,2.4970133700807597,2.243188549800352,1.7715521610402067,2.6605763250581225,1.177811883592373,0.8890241640179157,0.6584922446137779,8.859757466876264
Madagascar,Sugarcane,462,26.48303988282531,22.823546520082598,18.05247191011236,31.0468877968878,16.173992103019472,12.994415886775439,1.0238095238095235,95
Madagascar,Sweet Potatoes,395,4.961455125789556,4.874371859296482,3.4915994801749743,6.439918702155367,1.8430333143172937,2.948319221980393,1,10.206798866855523
Malawi,Bambara groundnut,438,0.5680783095604051,0.5625778008298755,0.45804127725856697,0.6666666666666666,0.19293241945775488,0.20862538940809966,0.00253807106598984,1.3848547717842323
Malawi,Banana,82,18.34006943568994,17.750878283165537,13.775162337662337,20.397260452463733,7.289539773473121,6.622098114801396,4.521739130434782,48.32354560469811
Malawi,Bean (Hyacinth),218,0.6216111708739761,0.5530808813827681,0.46153728348928746,0.7091722997267367,0.28042671457037954,0.2476350162374492,0.05714285714285714,2.2839506172839505
Malawi,Beans (mixed),780,0.6918028685239281,0.6317777595633125,0.4627376880036298,0.8781352833638025,0.3080312230384289,0.41539759536017273,0.03,2.428120063191153
Malawi,Cabbage,16,21.71309916774094,21.279084459870905,19.840404934322834,23.789753338562306,3.500636353523416,3.9493484042394726,15.96551724137931,28.591639871382636
Malawi,Cassava,964,12.623053890140655,13.420555346186008,3,20.063568471378957,8.949874612309914,17.063568471378957,0.23255813953488372,35.32022949426264
Malawi,Chick Peas,34,0.7246219661903759,0.7848830728577565,0.554433058071881,0.829721520894311,0.2427225585518906,0.2752884628224299,0.2392156862745098,1.5
Malawi,Chili Pepper,210,26.90087459191023,0.546636514867956,0.4269102990033223,0.7611749261720192,135.96973801234543,0.3342646271686969,0.02527075812274368,1000
Malawi,Coffee,61,0.3502178334112018,0.01979259259259259,0.00100115274685363,0.5,0.5317019300957002,0.49899884725314636,3.5555555555555e-4,2.1598216441962292
Malawi,Cotton,727,0.7502539723270979,0.7141032192130813,0.5996074582924436,0.8678300947669855,0.3742124472088254,0.2682226364745419,0.00836470096194061,6.686116700201207
Malawi,Cowpea,488,0.468887319695493,0.456784159745812,0.3699812030075189,0.555650295588904,0.15693265845114882,0.1856690925813851,0.07483818770226537,1.5879292403746097
Malawi,Field Peas,160,0.6887375691128218,0.6782608695652174,0.5533642993575273,0.7957077094293807,0.23364870082529643,0.24234341007185345,0.2162162162162162,2.466666666666667
Malawi,Garlic,2,5.273209549071618,5.273209549071618,3.444297082228117,7.10212201591512,5.172945630006626,3.6578249336870035,1.6153846153846154,8.931034482758621
Malawi,Groundnuts (In Shell),936,0.6938415302086267,0.6546793723668758,0.4224980818693922,0.906640192219935,0.35589833259958276,0.4841421103505428,0.02621434078643022,4.784514925373134
Malawi,Maize,1071,1.5439557291080992,1.3771025026740644,1.0012345679012347,1.904984003408373,1.7925211555029774,0.9037494355071383,0.030524071372461,55.70363288718929
Malawi,Millet,607,0.6206813451054839,0.5904761904761905,0.45666278322352566,0.7527675276752768,0.23066802038748155,0.2961047444517511,0.00636807471874336,1.6296296296296295
Malawi,Onions,16,22.48273769003745,22.14378033678277,19.329821368708394,23.663837982804406,3.798699221313372,4.3340166140960115,17.972826086956523,32.22006590992311
Malawi,Paprika,222,69.07906752826452,0.5009465766047023,0.4166666666666667,0.7575000000000001,189.1692681310789,0.3408333333333334,0.16037735849056603,931.85303514377
Malawi,Pigeon Pea,372,0.9512113658138098,0.7942550852116548,0.6497928301206989,1.0237599106452864,0.4987823503665864,0.3739670805245875,0.08547008547008547,2.892307692307692
Malawi,Potato,536,14.172277368716081,13.608618003099703,11.27979253616435,17.42125102903301,4.614478901036748,6.141458492868658,0.1395076201641266,29.163945578231292
Malawi,Rice,732,1.2726662869524972,1.1538461538461535,0.7746259974281828,1.6679640718562874,0.7128863318323323,0.8933380744281045,0.00894808814997915,8.992452830188677
Malawi,Sesame Seed,168,0.8563993727313802,0.4,0.3269803494934385,0.6026562499999999,4.108492979468686,0.2756759005065614,0.00344262295081967,53.34285714285714
Malawi,Sorghum,651,0.6885033007993915,0.6610169491525424,0.4845211954285226,0.8438103413250206,0.333654305454753,0.359289145896498,0.00980173758075295,3.787781350482315
Malawi,Soybean,494,0.735991492398727,0.6943042706289131,0.5150461817582055,0.9201371345804266,0.3046592986789816,0.4050909528222211,0.08,3.25531914893617
Malawi,Sunflower Seed,216,0.7464729598076921,0.6349683273412087,0.5,0.8654088589296306,0.9223228220141267,0.3654088589296306,0.24899598393574296,13.708262568976089
Malawi,Sweet Potatoes,855,15.783081800618234,15.37030411449016,12.100271737301114,18.787845263855267,5.4786472145794205,6.687573526554154,0.15379833622817443,38.8450863041027
Malawi,Tobacco,381,0.9896740069570288,0.9854409799554568,0.8225050234427326,1.160672860657178,0.3044207951271369,0.3381678372144453,0.06824068767908309,2.3278298856482076
Malawi,Tomato,16,22.00797083541251,22.210890541872146,19.73354455418531,23.838038597938752,3.608265277600286,4.104494043753441,16.64814814814815,28.411464968152867
Malawi,Velvet Bean,153,0.9091710202269251,0.7839109970047069,0.6507592190889372,0.988095238095238,0.3892540507780742,0.33733601900630084,0.29710144927536236,2.262325581395349
Mali,Bambara groundnut,158,0.6184966558389139,0.6117995799376923,0.5016055071399157,0.7355444346318647,0.26441174009016744,0.233938927491949,0.01237623762376237,1.9686162624821684
Mali,Barley,4,1.253221131369799,1.2391304347826089,0.8084385226741468,1.683913043478261,0.6849704664628028,0.8754745208041141,0.4946236559139785,2.04
Mali,Cotton,133,1.0538802882873495,0.9862580388377988,0.8984362216871976,1.1254303164908384,0.30678327802309313,0.22699409480364074,0.3943994104642594,2.3722448106141667
Mali,Cowpea,247,0.39498867637946644,0.3879520520113775,0.2510785692686751,0.46304830871204217,0.25294397514424827,0.21196973944336706,0.00381898033225128,2.4369969266793503
Mali,Fonio,210,0.6563711062750611,0.6359184007257268,0.48744774433503435,0.79894308906246,0.25968171135942175,0.3114953447274257,0.00593178447849728,1.595192915876028
Mali,Groundnuts (In Shell),229,0.8698427452519805,0.8326117952041477,0.6614936473504803,1.0019447943600963,0.38406965774027074,0.340451147009616,0.04117647058823529,4.445
Mali,Maize,286,1.5887248385837485,1.4107239907993994,0.962222289406852,2.1038274831964157,0.9146031860518866,1.1416051937895637,0.02917771883289124,5.711734693877551
Mali,Millet,293,0.7463753525417889,0.7688654861933495,0.5375372104842808,0.944967808192124,0.29866975827298065,0.4074305977078432,0.02332657200811359,2.0752171734046105
Mali,Rice,288,2.0601694597642366,1.7341124289147813,1.1383095251309727,2.7785659702186605,1.2683942515212612,1.6402564450876878,0.01651705565529623,5.910901400667389
Mali,Sesame Seed,83,0.46819136584459736,0.424,0.35856628258267453,0.5420338877855015,0.22373912317782096,0.183467605202827,0.10303030303030304,1.824353448275862
Mali,Sorghum,295,0.8789391714449466,0.8592199205148947,0.6256832043585424,1.001274889771069,0.6808067129188021,0.37559168541252663,0.07549934867564047,11.033372723385275
Mali,Soybean,44,0.8206145691198116,0.7087022443890274,0.44652091807088906,0.866565306122449,0.6792695298604773,0.4200443880515599,0.02352941176470588,4.191011235955056
Mali,Sugarcane,25,61.13715485386783,69.78868926092282,63.107946026986504,75.07893589184475,23.161804949884445,11.970989864858247,4.671263848066923,77.90841916703985
Mali,Sweet Potatoes,12,4.701334713320301,3.393145442803784,1.6542495064861815,8.31527035056447,3.461462928187414,6.661020844078289,1.1764705882352942,10.378205128205128
Mali,Tomato,1,24.59259259259259,24.59259259259259,24.59259259259259,24.59259259259259,NA,0,24.59259259259259,24.59259259259259
Mali,Wheat,56,2.7769240403959428,2.508396775638155,1.6426724137931032,3.633218451749735,1.5708057980884509,1.9905460379566315,0.7666666666666667,9.57588723886232
Mali,Yams,12,3.469295093302275,3.3663019401230487,2.2408182973817246,4.371149154383393,1.5293350368710255,2.1303308570016686,1.480295566502463,6.867619639527657
Mauritania,Cowpea,53,0.4133947576258524,0.4032258064516129,0.39927623642943305,0.49984051036682614,0.09599530656466186,0.10056427393739309,0.10087173100871732,0.6001263423878711
Mauritania,Groundnuts (In Shell),3,0.1998246361004668,0.2,0.19950248756218908,0.20023446658851113,7.475678349956185e-4,7.319790263220494e-4,0.19900497512437812,0.20046893317702227
Mauritania,Maize,244,0.6935660521621647,0.6349896316670005,0.49113209432454036,0.8,0.47931303904162775,0.3088679056754597,0.14987080103359174,6
Mauritania,Millet,106,0.3011450604808815,0.29460290659108723,0.19987022083058667,0.4,0.16619355757337637,0.20012977916941335,0.02127659574468085,1
Mauritania,Rice,102,4.630500068641146,4.585834121022673,4.072052213903538,5.289557599355532,0.9603048853015764,1.217505385451994,2,7.870003359086328
Mauritania,Sorghum,407,0.49782761698347583,0.46320833333333333,0.3200170570322948,0.6,0.27629191733177955,0.27998294296770515,0.01098146877144818,2
Mauritania,Wheat,34,2.015392729045927,2,1.7985221674876846,2.1117798594847774,0.6541132475695813,0.31325769199709286,0.07142857142857142,3.606060606060606
Mozambique,Bambara groundnut,189,0.3520800458821243,0.2766557069046501,0.1943877551020408,0.4065,0.24852002314562097,0.21211224489795918,0.05042016806722689,1.6127684964200475
Mozambique,Banana,6,33.5522041687182,40,14.26,51.23245937961595,22.604770371882317,36.972459379615955,5.68,54.9766125061546
Mozambique,Beans (Rosecoco),122,0.7192319376568861,0.5194852941176471,0.32085428386518644,0.7863042338397256,0.7856164200116712,0.46544994997453915,0.05181347150259067,6.312977099236641
Mozambique,Beans (mixed),123,0.48940387628017706,0.46200174754979,0.31719916260538267,0.5378215004563236,0.3703739513083869,0.22062233785094093,0.05181347150259067,3.0016806722689076
Mozambique,Cassava,249,11.453947283893307,7.148333333333333,5.217079842339917,10.560632484594814,19.343017215470418,5.343552642254897,1.4505375045295326,165.0231819102089
Mozambique,Chili Pepper,2,6.645833333333333,6.645833333333333,6.645833333333333,6.645833333333333,0,0,6.645833333333333,6.645833333333333
Mozambique,Cotton,74,1.503539102265849,0.6560758082497213,0.4553418912050382,0.9482295583201668,5.550119613283884,0.49288766711512855,0.02,47.61196911196911
Mozambique,Cowpea,190,0.33520447426857575,0.2496891191709845,0.1723347705373081,0.37596381179956856,0.2887786990766567,0.20362904126226045,0.07467391304347826,2.3864970645792565
Mozambique,Ginger,3,0.10333333333333333,0.125,0.0925,0.125,0.03752776749732568,0.0325,0.06,0.125
Mozambique,Green Bean,50,0.31847102004512073,0.2694399569197631,0.20892021322700877,0.39488759187202765,0.1787470821897915,0.1859673786450189,0.03174603174603174,0.9545454545454546
Mozambique,Groundnuts (In Shell),115,0.45861839886425876,0.4107382778209235,0.32177658245570473,0.5476173964548675,0.30029554457082674,0.22584081399916278,0.12224975222993062,3.1752988047808763
Mozambique,Jute,4,18.635013491635185,18.635013491635185,0.3847058823529412,36.88532110091743,21.07364002202516,36.50061521856449,0.3847058823529412,36.88532110091743
Mozambique,Macadamia,8,0.8828551901201306,0.6676034325431495,0.4366654393716249,1.113793183291655,0.7212419517521057,0.6771277439200301,0.20714285714285716,1.989071038251366
Mozambique,Maize,237,0.8473621396623905,0.7485257886021245,0.5718057859303347,0.97726487241224,0.6651457504884158,0.4054590864819053,0.15,7.731481481481482
Mozambique,Millet,179,0.5422294223279541,0.443001443001443,0.25746317103620475,0.6641413174969757,0.5174929375540038,0.40667814646077094,0.04,3.9375
Mozambique,Mung bean,24,0.3627008141544661,0.3401253337838118,0.2077604145595393,0.3854060540003656,0.21282444404591985,0.1776456394408263,0.13043478260869565,0.8028673835125448
Mozambique,Paprika,5,0.12760396825396825,0.12,0.03571428571428571,0.12875,0.12152705002697552,0.09303571428571429,0.02555555555555555,0.328
Mozambique,Pepper,7,0.17395464852607712,0.15666666666666668,0.11722222222222223,0.22928571428571431,0.10422056521566074,0.11206349206349209,0.04,0.328
Mozambique,Pigeon Pea,179,0.44902860586143517,0.41877551020408166,0.26836818594920864,0.5428322373950398,0.38596650027287965,0.2744640514458312,0.00651937703730532,3.6398507462686567
Mozambique,Rice,164,0.8715250616435801,0.5026091965933426,0.28524630358444547,1.0122448979591836,1.0157851078136206,0.7269985943747381,0.05333333333333334,5.860110803324099
Mozambique,Sesame Seed,52,0.3187688934618093,0.3122052845528456,0.17405659786060507,0.4085603112840467,0.1976412478126278,0.23450371342344162,0.01892857142857143,0.9814285714285714
Mozambique,Sorghum,243,0.6513484367623281,0.5612429465873077,0.42767100977198697,0.7370437439858701,0.39940277675687974,0.30937273421388317,0.06289308176100629,2.3225806451612905
Mozambique,Soybean,15,1.2573876805638933,1.2201048727458754,1.1888449171407371,1.3482189467219405,0.5149641217415539,0.1593740295812034,0.1804503835684237,2.6129032258064515
Mozambique,Sugarcane,4,53.97104801302571,53.97104801302571,35.43453935098844,72.50755667506297,21.404116531726093,37.073017324074534,35.43453935098844,72.50755667506297
Mozambique,Sunflower Seed,39,0.38650141492038487,0.187,0.1108014950166113,0.48086538461538464,0.5410800725321726,0.37006388959877334,0.005,2.6891666666666665
Mozambique,Sweet Potatoes,40,7.285903831684473,5.41771978021978,2.722953539823009,8.491573033707866,6.615353364502297,5.768619493884857,1.4666666666666666,31.043333333333333
Mozambique,Tea,2,0.8414150129421916,0.8414150129421916,0.8414150129421916,0.8414150129421916,0,0,0.8414150129421916,0.8414150129421916
Mozambique,Tobacco,46,1.159570576436873,0.8485166666666667,0.5167491258741259,1.1229071694985495,1.596793061949455,0.6061580436244236,0.02,8.908
Mozambique,Virginia Peanut,190,0.2519739704239854,0.2099652332084311,0.1375297619047619,0.30198347807982867,0.17046211270665343,0.16445371617506677,0.01666666666666666,1.1835616438356165
Niger,Bambara groundnut,509,2.975349093967232,0.42857142857142855,0.3103448275862069,0.5357423409269442,33.42701623451055,0.22539751334073727,0.00931098696461824,518.9969604863221
Niger,Bean (Hyacinth),101,1.7364180781553904,1.4300009810654368,0.92,1.92,1.761896873439715,0.9999999999999999,0.31984334203655357,11
Niger,Cabbage,486,24.3849724919834,22,17.779711657419362,29,9.677503148690281,11.220288342580638,3.8,74.58003597122301
Niger,Capsicum Chinense,371,17.214340006128943,17.3,15.1766284318396,18.37942713543623,7.542690717509339,3.202798703596631,0.4364109232769831,129.48936170212767
Niger,Carrots,377,17.973003765941097,16.35,13.250000000000002,21.580246913580247,13.06470701442055,8.330246913580245,1.484984237597478,228.4330357142857
Niger,Cassava,360,21.493298850657112,21.154600001912875,17.66417727912377,25.82567499896394,7.081014896728007,8.16149771984017,0.7083333333333334,39.75
Niger,Celery,2,13.076213151927437,13.076213151927437,13.043208616780046,13.10921768707483,0.09335092245052438,0.06600907029478442,13.010204081632653,13.142222222222223
Niger,Chili Pepper,265,9.64326678063397,8.139352306182532,6.615384615384615,10.5,6.120489540233936,3.884615384615385,0.09798561151079135,54.04
Niger,Coriander,16,5.149973014634244,4.054223645265638,3.9000248673740052,5.9,2.2836598073087764,1.9999751326259951,3.880108991825613,13
Niger,Cotton,22,0.6312568999004972,0.5021786492374728,0.3969337114498405,0.650316174592776,0.4950028882133882,0.2533824631429355,0.05357142857142857,2.049736247174077
Niger,Cowpea,2295,0.47359363285849676,0.189006734006734,0.08699722129160672,0.36050002321610064,3.630550812635722,0.27350280192449394,4.650297619047619e-5,100.0000000000001
Niger,Cucumber,20,12.101701515686143,10.5,9.410080792632243,12.009615384615385,6.757167654458538,2.599534591983142,3.438317757009346,29
Niger,Eggplant,136,16.833522068824262,18.63001658374793,13.2,20.788795880194577,5.932080868097341,7.588795880194578,1.6,29.500689655172412
Niger,Fonio,76,0.4965871512783683,0.4814814814814815,0.40270715279659697,0.531635972189158,0.1861894914482802,0.12892881939256107,0.1198044009779951,1.267927501970055
Niger,Garlic,120,12.03090337760871,13.003952569169961,10.588888888888889,15,5.772256188284533,4.411111111111111,1.4537037037037035,35.270297029702974
Niger,Groundnuts (In Shell),1207,3.168334986964171,0.4300587523760152,0.29848039211925803,0.5600851239394513,27.739205429317103,0.2616047318201933,0.01104100946372239,395.9580838323357
Niger,Lettuce,486,18.007501104683495,17.462500000000002,14.911660777385158,19.359957666480877,6.219965436406899,4.448296889095719,2.186500888099467,44
Niger,Maize,867,1.1414442596442507,0.9184397163120568,0.5941176470588235,1.4539961013645226,0.8945906285531637,0.8598784543056991,0.03992680086508068,12
Niger,Melon,182,17.956012800456204,18,15.784778481012658,20.525000000000002,5.387372058698878,4.740221518987344,2.3499711482977497,50.014187866927585
Niger,Millet,2283,0.42669388613833825,0.41100221500743395,0.32031018505218845,0.5191111237133481,0.18018073551881136,0.19880093866115967,0.00882939333523212,1.510204081632653
Niger,Okras,497,4.44395799274586,0.979591836734694,0.6857142857142857,9.455882352941176,5.865472205402594,8.77016806722689,0.05235602094240838,29
Niger,Onions,476,27.377232852111764,28.180486599145496,22.599517766497463,33.08253821887729,8.455793179493662,10.483020452379826,2.220218579234973,54.367731367731366
Niger,Pea,4,3.0598792657427945,1.9643536121673004,1.9241505055871952,3.100082372322899,2.2273017914237836,1.175931866735704,1.9104803493449785,6.400329489291598
Niger,Potato,430,24.67975673659446,24.10301419339293,19.31246845425867,30,6.769081562429127,10.68753154574133,3.5010739490641303,57.5
Niger,Rape,167,21.974593334286766,18.546646147314796,14.176470588235297,27.189032519232214,14.819796764513232,13.012561930996917,2.162698412698413,114.09
Niger,Rice,367,2.2145208452002363,1.7009345794392523,1.115115935607739,2.6741713570981864,1.7325666045206083,1.5590554214904475,0.03295354951796669,7.22
Niger,Sesame Seed,672,2.7389668509889415,0.4,0.24857905707409317,0.5031176091163191,31.315453047240915,0.2545385520422259,0.00496277915632754,450.41322314049586
Niger,Sorghum,2292,0.418594759134728,0.3400046694649076,0.21872779866621558,0.5019900297499398,0.46290638822895747,0.28326223108372417,0.00142810062616719,12.57222222222222
Niger,Sorrel,516,2.8365627514376732,0.23055623692808672,0.14999438706780424,0.30943313146169904,22.5423611332942,0.1594387443938948,0.00441988950276243,244.82988659106064
Niger,Squash,390,22.645043438310832,21.792216992203294,18.21961846676751,26.100898346406616,8.794107492021581,7.881279879639106,6,79.4450980392157
Niger,Sugarcane,143,40.147651500476464,37,30,45.65996960486322,33.77938368805666,15.659969604863221,12.366668217126378,423.9
Niger,Sweet Potatoes,301,22.69879708451205,21.321099997244065,18.405,28.200000000000003,5.979844846162843,9.795000000000002,12.033613445378151,54.640287769784166
Niger,Tobacco,45,17.33156565099854,15.887755102040815,14.179977814753189,18.49222797927461,6.080265142533525,4.312250164521421,0.7923497267759563,29.6
Niger,Tomato,502,25.139336488506423,20.011979463776385,16.97,24.875421588547926,76.63336557127666,7.905421588547927,0.8513921368751374,1229.4285714285716
Niger,Watermelon,181,20.11265643847005,20.97998093422307,17.876344086021504,24.015625,7.765462906359776,6.139280913978496,0.9081645569620254,69.44935543278085
Niger,Wheat,187,2.0862234832672386,2.12,1.4652317880794703,2.5,1.0240506329895678,1.0347682119205297,0.36,4.899159663865547
Nigeria,Banana,19,5.0698051929331145,4.038461538461538,2.7942043222003927,7.3936170212765955,2.7853595175244066,4.599412699076202,1.5,9.778989803177614
Nigeria,Cassava,844,10.026986215212741,9.525021485768974,5.87527408160172,13.171418822364208,7.550425844800309,7.296144740762488,0.03592482020633846,94.96640746500778
Nigeria,Cotton,283,0.8237084529572158,0.6717181891436524,0.36457788997952123,1.0338739131029513,0.6413059859557101,0.6692960231234301,0.03039179787623581,3.934177406112555
Nigeria,Cowpea,838,0.7858690459779357,0.7322259950292296,0.5001808972503619,0.9246233481592891,0.5562499210900087,0.4244424509089273,0.06470165348670022,9.301408450704225
Nigeria,Ginger,57,5.6392960243059775,4.919037199124727,3.225117248566962,8.23477493380406,3.0900371539694067,5.009657685237098,0.5121951219512195,14.099847045558306
Nigeria,Groundnuts (In Shell),768,1.1460168633960128,1.13031914893617,0.8327836411609498,1.3706650624523438,0.5260100634748653,0.5378814212913939,0.00215285252960172,6.043664524633383
Nigeria,Maize,919,1.7603577597927116,1.7298814722395508,1.3622468156061092,2.1027657556483526,0.5667325235008202,0.7405189400422434,0.08246527777777778,6.637446808510639
Nigeria,Melon,212,0.5817428492612177,0.4319995347965704,0.3222050273505927,0.6905446446649118,0.6123820328341943,0.36833961731431913,0.08727655099894847,5.1942446043165464
Nigeria,Millet,499,1.0236410781616043,0.965049174997968,0.7945131542334656,1.1878603410417128,0.4062743755751785,0.3933471868082472,0.11732862606649014,3.9488409272581935
Nigeria,Okras,406,2.0989061358415673,1.4705339040324397,0.9368663555141726,2.512288547354245,1.9506128622425054,1.5754221918400724,0.1395685053380783,13.621253405994551
Nigeria,Onions,170,3.43720509210673,2.543835616438356,1.8313903782371845,3.811273185665406,5.837114249237145,1.9798828074282215,0.3226460291136908,74.71052631578948
Nigeria,Rice,906,1.977564664703317,1.962436751725381,1.6019398272720138,2.285307782147948,0.8232303777172534,0.6833679548759344,0.05190592051905921,9.431072210065643
Nigeria,Sesame Seed,334,0.6751792669372677,0.6329714769960203,0.43716101881998215,0.8252288160575871,0.3958435520884937,0.388067797237605,0.05110132158590308,3.934010152284264
Nigeria,Sorghum,536,1.253282668898073,1.1830885549165902,1.0385598140149235,1.400001359915141,0.3627048567698066,0.3614415459002176,0.00722826086956521,3.865053763440861
Nigeria,Soybean,473,1.1560575095819696,0.8116698292220114,0.5958904109589042,1.2073170731707317,5.910605525251316,0.6114266622118275,0.00903342366757,129
Nigeria,Sweet Potatoes,44,5.987731197906672,6.1376237015182245,4.041070773744041,7.409801949559028,2.6189045535991604,3.368731175814987,1.3522012578616351,11.444444444444445
Nigeria,Taro,550,7.413400941864024,6.936733637372119,4.807984693877551,9.028381905176161,4.647483123924877,4.22039721129861,0.20781609195402295,54.25101214574899
Nigeria,Tomato,431,4.67780183347225,3.409090909090909,1.688584599244801,6.2411717692487505,4.3662834781192394,4.5525871700039495,0.18301396557323807,50.5
Nigeria,Wheat,38,1.5816558582952915,1.4672686230248306,1.3525067917302245,1.8,0.3332273389536919,0.44749320826977557,0.920844327176781,2.3076923076923075
Nigeria,Yams,694,10.595537435511943,10.011370708692592,6.971470423506097,13.166973684210525,8.104566112288959,6.195503260704428,0.2928870292887029,139.3822393822394
Rwanda,Banana,181,6.186974322862774,4.892915467765767,3.500236183278224,7.500843576765486,3.619771491504546,4.000607393487262,0.994404655326768,15.888187182938193
Rwanda,Beans (mixed),109,1.0209238581872937,0.8499669530733642,0.71847739888977,1.0294608115619788,1.1998199650540522,0.31098341267220875,0.08500334001336006,11.5
Rwanda,Bush Bean,72,0.7258136526389206,0.7157480473664115,0.625,0.8088177750012302,0.18940150789542926,0.1838177750012302,0.2249632000031269,1.462809917355372
Rwanda,Cassava,180,8.999309802507119,7.7395484643731205,2.5069791427939174,12.0009070639691,13.632915433232261,9.493927921175182,0.3268980477223427,149.979020979021
Rwanda,Cereal Crops,3,5.859112212814674,5.890200708382527,3.450242142910491,8.283526530502783,4.833359374416609,4.833284387592292,1.0102835774384544,10.67685235262304
Rwanda,Groundnuts (In Shell),112,0.6153397914936594,0.5980817422054876,0.41683253208662285,0.7792225346020761,0.26666649902426465,0.3623900025154533,0.15694915254237288,1.3473684210526315
Rwanda,Maize,181,2.017467562104339,1.6272300469483567,1.1281373844121532,2.2708757637474544,2.662274052190678,1.1427383793353012,0.12866817155756208,25.914438502673796
Rwanda,Pea,173,0.795468990387031,0.6845238095238095,0.4291044776119403,0.8607594936708861,1.037981598979668,0.4316550160589458,0.04056865464632455,10.459574468085108
Rwanda,Pole Bean,100,1.1245774730436908,1.0586100911422016,0.8506013692718924,1.311919892858238,0.38152311266372985,0.4613185235863456,0.4863853999986623,2.3749856040538986
Rwanda,Potato,183,12.200013575540963,5.56469298245614,3.968326469974979,8.703941004569792,58.0035315118589,4.735614534594813,0.4219418982213155,781.1296296296297
Rwanda,Rice,86,4.792416071785412,4.047525765593024,3.523938499958285,5.601408729597464,4.155490739408165,2.0774702296391796,0.5,40.48888888888889
Rwanda,Sorghum,129,1.0728217824005153,1.0978260869565215,0.7981651376146789,1.3333333333333333,0.4724440881981417,0.5351681957186544,0.08604253238816915,2.74380664652568
Rwanda,Soybean,167,0.6214499281565429,0.6195652173913043,0.3937059000000963,0.7788756196484903,0.2810385225005831,0.38516971964839397,0.06097256000120866,1.8
Rwanda,Sweet Potatoes,181,7.735343460131889,6.74922791846819,5.30289193302892,8.920992600011127,5.920066254247737,3.6181006669822073,2.442648592283629,74.04721030042919
Rwanda,Taro,7,3.9064482367725386,2.888888888888889,2.0943708609271523,5.988592233009708,2.468937289650296,3.894221372082556,1,7.290322580645161
Rwanda,Wheat,57,1.4846330111830104,1.2515337423312884,1.0110939907550076,2.067423230974633,0.816565726888605,1.0563292402196254,0.14814814814814814,3.501443695861405
Rwanda,Yams,170,5.5721014338279895,4.268037480478917,2.569251737909434,6.95872071083056,5.3356368389165985,4.389468972921126,0.46568627450980393,57.046783625730995
Senegal,Cassava,270,6.970125362734091,6.1000000000089525,5,9.000000000003187,3.7072706289221595,4.000000000003187,0.3935378086419753,24.999999999989676
Senegal,Cowpea,1537,0.38545487836316783,0.35,0.25,0.4931062449310625,0.27530598441649995,0.24310624493106248,0.00277808645405045,6.098765432098766
Senegal,Fonio,61,0.5955014527694665,0.5526315789473684,0.5021097046413502,0.6491228070175439,0.1433447553298943,0.1470131023761937,0.41379310344827586,1.1794258373205742
Senegal,Groundnuts (In Shell),2052,0.8382623826960334,0.8645395472024491,0.6122695763538787,1.0443305186972256,0.374297777613476,0.4320609423433469,0.0019387359441644,3.500000000072917
Senegal,Maize,1480,1.092280298003326,0.9045478582760444,0.7000000000000001,1.2532671294217974,0.6824387429529265,0.5532671294217973,0.075,6.574468085106383
Senegal,Millet,2012,0.6234975777792322,0.6342342342342342,0.4121400362590566,0.817049451825699,0.2810984464576736,0.4049094155666424,0.0168,2.1587485515643103
Senegal,Rice,1244,1.7951722237527927,1.1999696094818415,0.8840791982158593,2.0301603390166534,1.5254750058708781,1.146081140800794,0.01570210856886496,7.049988978759961
Senegal,Sesame Seed,158,0.48768073264168793,0.4888220120378332,0.39974543364609916,0.5995901639344262,0.1996774394120166,0.19984473028832705,0.06040992448759439,1.3953488372093024
Senegal,Sorghum,1075,0.7747605223284477,0.7907193054981397,0.5432825888787602,0.9591425144154799,0.4228623212256868,0.4158599255367197,0.01707779886148007,5.339639914555997
Senegal,Sweet Potatoes,5,9.612222222222222,9.75,8.533333333333333,10.555555555555555,1.8361947367071694,2.022222222222222,7.222222222222222,12
Sierra Leone,Groundnuts (In Shell),12,0.594527093548646,0.6322949540068047,0.4736075487944308,0.680432239586156,0.1320519603948527,0.20682469079172516,0.3910034602076125,0.7708649468892261
Sierra Leone,Maize,12,0.4107555053755638,0.38230635243506117,0.2968340468642766,0.6251268443178859,0.2089831878230459,0.3282927974536093,0.04205128205128205,0.6895393474088292
Sierra Leone,Rice,12,1.50372113762533,1.5312856292909414,1.3033525138462472,1.6637262444699048,0.34641974805424425,0.36037373062365763,0.993563585881957,2.228687017285767
Somalia,Cowpea,889,0.21615865714258134,0.2,0.10599925,0.25,0.6118989052627977,0.14400075,0.0025,16.956629346333642
Somalia,Groundnuts (In Shell),44,0.24548983423983425,0.26346153846153847,0.09500000000000001,0.4,0.141905497808392,0.305,0.0375,0.46296296296296297
Somalia,Maize,1991,0.47413641872295703,0.48,0.25,0.6533333333333333,0.2805273603676031,0.4033333333333333,3.5555555555555e-4,1.647783938108499
Somalia,Onions,155,13.161437210390542,12.071428571428571,10.4,15,8.200709755361324,4.6,0.2,50
Somalia,Pepper,54,2.4845907749090834,2,2,2,1.614079230248284,0,2,11.967901845090498
Somalia,Rice,21,2.4629558466052517,2,2,2.5,1.6439811613324158,0.5,1.25,9.472072778710286
Somalia,Sesame Seed,715,0.27734011992492813,0.24375,0.18,0.3,0.8382500153949816,0.12,0.00365853658536585,21.976817805961225
Somalia,Sorghum,1501,0.30886550470669194,0.27,0.15,0.4166666666666667,0.21334945541671915,0.2666666666666667,8.3333333333333e-4,1.6893323299999998
Somalia,Tomato,133,7.502251192730298,5,3,9.166666666666666,8.041977479644512,6.166666666666666,0.4,50
Somalia,Watermelon,71,7.489912463510862,10,3.6,10,3.8266083159093385,6.4,0.26,15
South Africa,Barley,82,4.485199827228508,5.3,3.0308223684210525,5.665625,1.7994663015047085,2.634802631578948,0.5,7.2875
South Africa,Beans (mixed),262,1.435637386165183,1.3,1.112489486963835,1.6,0.5260264422371504,0.487510513036165,0.22875112309074577,3.68
South Africa,Canola Seed,17,1.1725536436145418,1.1415094339622642,1.0394117647058825,1.2736842105263158,0.2645330954169385,0.23427244582043327,0.72,1.8
South Africa,Groundnuts (In Shell),256,1.1964110987432086,1,0.8,1.4058823529411764,0.6763824380326559,0.6058823529411763,0.09523809523809525,3.5
South Africa,Maize,316,4.721255750425143,4.307971014492754,2.8060582218725414,6,2.6052771465993256,3.1939417781274586,0.16666666666666666,13.2
South Africa,Maize (Yellow),322,5.0412291159574405,4.4295,2.7253211188628805,6.475,3.0339601209628313,3.749678881137119,0.145748987854251,16
South Africa,Sorghum,229,2.5865391302147054,2.5,1.946837397508253,3.1,1.0200002601773543,1.1531626024917472,0.4050632911392405,6.1
South Africa,Soybean,283,1.9538217594946692,1.85,1.375,2.494581280788177,0.753638216898672,1.1195812807881769,0.1,3.7777777777777777
South Africa,Sunflower Seed,241,1.2194060006277858,1.2,1,1.401287553648069,0.45970464389697,0.4012875536480689,0.13795348837209304,3.7
South Africa,Wheat,396,3.8042831743983663,4,1.9479843749999999,5.6,1.9887614297579788,3.6520156249999998,0.17715315315315316,8.2
South Sudan,Cereal Crops,20,0.6420599428821674,0.6385017421602788,0.5227864583333334,0.8055198973042361,0.20719602271818705,0.28273343897090275,0.2352941176470588,0.9936708860759492
South Sudan,Cotton (Acala),10,0.4230952380952381,0.41428571428571426,0.3333333333333333,0.5367063492063492,0.1353982882205932,0.20337301587301587,0.2,0.6
South Sudan,Millet,14,0.1741526335607557,0.18333333333333335,0.14116161616161615,0.2,0.05310685113911782,0.058838383838383856,0.07,0.25
South Sudan,Sorghum,33,0.6618798985117063,0.5126129772022123,0.368425900340794,0.8928571428571429,0.4269718053785544,0.5244312425163489,0.05597964376590331,1.7857142857142858
Sudan,Cotton,45,1.4367683401958224,1.0606060606060606,0.75,2,0.9223868164000023,1.25,0.2727272727272727,3.984848484848485
Sudan,Cotton (Acala),39,0.6116699399724003,0.35714285714285715,0.2777777777777778,0.56,0.6540285144331084,0.28222222222222226,0.2,2.736842105263158
Sudan,Cotton (American),88,0.23173354385095654,0.12748917748917749,0.08333333333333333,0.2,0.3020954149200905,0.11666666666666668,0.01,1.9047619047619049
Sudan,Groundnuts (In Shell),404,0.4099729415096049,0.24096867986125278,0.14808897243107766,0.5523993436611867,0.4521723544607752,0.40431037123010904,0.00940438871473354,3.991935483870967
Sudan,Millet,828,0.24249467489663626,0.16666666666666666,0.1,0.3341121495327103,0.29974545599504476,0.23411214953271028,0.0046419098143236,5.994252873563219
Sudan,Pigeon Pea,20,0.6083310342303059,0.32061790668348045,0.2344924812030075,0.9322344322344323,0.5045321919650473,0.6977419510314248,0.09523809523809525,1.7142857142857142
Sudan,Sesame Seed,600,0.1224395876600085,0.07936507936507936,0.056898167745056544,0.13333333333333333,0.13706334017626187,0.07643516558827679,0.00555555555555555,1.0822510822510822
Sudan,Sorghum,1305,0.5874174070446347,0.4517774586711544,0.2424242424242424,0.7142857142857143,0.5140562204362391,0.47186147186147187,0.00185185185185185,2.7790697674418605
Sudan,Sunflower Seed,149,0.38157972919109273,0.29999999999999993,0.17391304347826086,0.4737497362312724,0.298669523083748,0.29983669275301156,0.02,1.8
Sudan,Wheat,245,1.2282612655489504,1,0.5852417302798982,1.8095238095238095,0.7717460675124024,1.2242820792439113,0.06060606060606061,3.5555555555555554
"Tanzania, United Republic of",Bambara groundnut,110,0.6967517773995846,0.6182513139034878,0.42537667185526634,0.9666666666666668,0.4905638294105333,0.5412899948114005,0.01376146788990825,3.9166666666666665
"Tanzania, United Republic of",Banana,393,4.765599760988064,4.15929203539823,2,6.610169491525424,3.3855689839290966,4.610169491525424,0.22826086956521735,26.845821325648416
"Tanzania, United Republic of",Barley,35,1.475299250489145,1.4912280701754386,0.8269286966686149,2,0.8473895005927028,1.173071303331385,0.01710526315789473,3.9166666666666665
"Tanzania, United Republic of",Beans (mixed),353,0.7165413043441997,0.6970912738214644,0.5112559057520013,0.8944713637842756,0.27591983717293567,0.3832154580322743,0.025,2.1161403508771928
"Tanzania, United Republic of",Cassava,535,2.241073457074483,2.095941815930984,1.5047712357163439,2.625,1.1290695209480552,1.1202287642836561,0.2676931388438682,7.677573584341849
"Tanzania, United Republic of",Chick Peas,48,0.7177110465006866,0.6317642400830381,0.4846089987554917,0.9099717847875457,0.386660839148516,0.425362786032054,0.12121212121212122,2.1409641174595957
"Tanzania, United Republic of",Cowpea,153,0.6105570882133255,0.522453117080588,0.285140562248996,0.7841239109390125,0.47074990653018395,0.4989833486900165,0.04610733182161754,3.7073490813648298
"Tanzania, United Republic of",Field Peas,173,0.6726660778619946,0.6442912188197121,0.4995648389904265,0.7917159763313609,0.27053907973299157,0.29215113734093445,0.16666666666666666,2.16
"Tanzania, United Republic of",Groundnuts (In Shell),438,0.7306268959631342,0.6680858582163338,0.4970758657452518,0.8878475687501242,0.35293022325399204,0.39077170300487235,0.03448275862068965,2.550622032457067
"Tanzania, United Republic of",Maize,631,1.2615739330912152,1.233154771283021,0.8936900269913715,1.6052661260410999,0.528337512152126,0.7115760990497284,0.1351522842639594,3.1955780863934566
"Tanzania, United Republic of",Millet,344,0.7756000589224707,0.7627406607450297,0.5321304491591676,0.9765508202823089,0.3255247152210708,0.44442037112314126,0.07042253521126761,2.375
"Tanzania, United Republic of",Mung bean,70,0.57708083933841,0.3495082157424514,0.24394210361476215,0.6688500942250435,0.6680913856940671,0.42490799061028134,0.05714285714285714,4.5
"Tanzania, United Republic of",Pea,60,0.7510639976861574,0.6660085692963169,0.44898648648648654,0.8556693484549696,0.4281811528544026,0.406682861968483,0.1525873507297656,2.1399491094147582
"Tanzania, United Republic of",Pigeon Pea,63,0.564875368541782,0.4901960784313726,0.28889714166076785,0.6273710603093852,0.49011488996655234,0.3384739186486173,0.09963171157201008,2.8358208955223883
"Tanzania, United Republic of",Potato,322,3.31262667597301,2.2282800106388585,1.7040258806613948,4.061079704822626,5.782525239535015,2.3570538241612313,0.1381692573402418,99.66666666666669
"Tanzania, United Republic of",Rice,616,1.6677687489285693,1.4856907798455965,1,2.0828119750244976,0.9092343404730804,1.0828119750244976,0.13793103448275862,4.947089947089947
"Tanzania, United Republic of",Sesame Seed,228,0.5363694107924994,0.5,0.3107530096771721,0.6691278823458209,0.288823819174026,0.35837487266864876,0.01757188498402556,1.4791666666666667
"Tanzania, United Republic of",Sorghum,575,0.9225792568763405,0.927504105090312,0.7146658534051092,1.0748815630869284,0.38208334371906344,0.36021570968181915,0.17042889390519186,4.32051282051282
"Tanzania, United Republic of",Soybean,75,0.92373504944646,0.7093858848148149,0.46091436353381643,1.3546363635649383,0.64038053553605,0.8937220000311219,0.04545454545454545,2.743803260952381
"Tanzania, United Republic of",Sugarcane,12,4.707571484980998,2.371481596040829,1.5296691227131614,6.800200261419098,5.504637209343098,5.270531138705937,0.18832225688322257,18.66144127281235
"Tanzania, United Republic of",Sunflower Seed,272,0.732956245907447,0.6959890358040074,0.498728813559322,0.908034146407515,0.3296609218557124,0.409305332848193,0.12258064516129032,1.840124728780488
"Tanzania, United Republic of",Sweet Potatoes,424,2.6816544918268366,2.2392184417972136,1.4088567363711897,3.4983908718548853,1.632313544553106,2.089534135483696,0.29473684210526313,8.77573407202216
"Tanzania, United Republic of",Taro,26,1.5476083964636127,1.3932052353104987,0.7410742405588799,2.0000000000000004,0.9978164367568448,1.2589257594411205,0.02127659574468085,3.9545454545454546
"Tanzania, United Republic of",Wheat,196,1.036218452189806,0.9952836269875376,0.6834889358967657,1.3018914243237978,0.5288679073224037,0.618402488427032,0.0100502512562814,3.6634615384615383
"Tanzania, United Republic of",Yams,24,1.8747345506323558,1.3631792746599236,0.6625,2.2026143790849675,2.1321941571179535,1.5401143790849674,0.06666666666666667,10
Togo,Beans (mixed),89,0.4109410481744713,0.2938388625592417,0.1865348980852378,0.5400313971742543,0.32404340970804196,0.3534964990890165,0.043790546802595,1.8317601332593003
Togo,Cassava,159,5.125737919406608,5.12396694214876,3.975528810873943,6.211360582078147,1.6750891293182137,2.2358317712042037,0.7203973249409913,9.346946318026426
Togo,Cotton,69,0.8169622913226936,0.875,0.6203473945409429,1.0224502886465685,0.34550006074975365,0.4021028941056256,0.0740964401099067,2.4
Togo,Cowpea,68,0.45954425215271133,0.44781511125261075,0.36750553678340325,0.5334965465590413,0.13761544752985708,0.16599100977563808,0.21762632197414805,1.204225352112676
Togo,Groundnuts (In Shell),155,0.5520988106192477,0.5417943658423947,0.39187069655096696,0.66734982699385,0.19440914293878192,0.2754791304428831,0.21976866456361724,1.3903312444046554
Togo,Maize,675,1.1702912214987518,1.1508294298626869,0.9134352081809288,1.4173693387559014,0.45740774935327055,0.5039341305749726,0.16479942175641488,8.399075500770415
Togo,Millet,247,0.6631035286926649,0.54375,0.3663809959098686,0.769445288288817,0.6111713081643271,0.40306429237894836,0.07455838495067676,4.285815102328864
Togo,Rice,109,1.5352386399399338,1.3372620126926564,1.1532846715328466,1.8821090047393365,0.5578006498987942,0.7288243332064899,0.04724409448818897,2.987959442332066
Togo,Sorghum,517,0.8748389465873075,0.8468185172289326,0.647592966272701,1.0668844382563991,0.3435943653219366,0.4192914719836981,0.01045794804051078,5.004382761139518
Togo,Soybean,25,0.4605496146717091,0.5,0.18994413407821228,0.6380877511914705,0.22707569802818278,0.44814361711325823,0.1308411214953271,0.8436099445475361
Togo,Yams,129,8.479331391640194,8.456225252969643,7.497159090909091,9.80968666565466,2.5590218795004804,2.3125275747455687,0.9595588235294118,14.720851063829787
Uganda,Banana,131,4.346001594264632,2.762264150943396,1.4569940309382357,5.199574371196275,5.447915236248768,3.742580340258039,0.08310991957104558,46.73684210526316
Uganda,Beans (mixed),157,1.6725759336929826,0.7741935483870968,0.4038604305864885,1.5324543610547667,4.198477589117961,1.1285939304682782,0.00418410041841004,47.18055555555556
Uganda,Cassava,155,3.5232106338344087,2.8727598566308243,1.649126283673608,4.840582580177484,2.609652070418285,3.191456296503876,0.02405498281786941,11.634375458681932
Uganda,Cowpea,56,0.8442715058202113,0.411437908496732,0.24380338922724035,0.9177991655995703,1.1632854079054529,0.67399577637233,0.00579150579150579,7.166666666666667
Uganda,Field Peas,83,0.5006009410141019,0.25862068965517243,0.14065934065934066,0.5659275683665927,0.6833723127192162,0.4252682277072521,0.01734104046242774,4.833333333333333
Uganda,Groundnuts (In Shell),147,0.763654758605328,0.5233589591957422,0.318541835138342,0.8113621230255728,0.9128224168059447,0.49282028788723076,0.05349487418452935,8.422103861517977
Uganda,Maize,159,2.5017015502071445,1.3848396501457727,0.9182724279808321,3.2894298778560542,2.5574272484676532,2.371157449875222,0.05270436385986478,14.649253731343284
Uganda,Millet,131,1.202561944832406,0.7517123287671232,0.45993213028900665,1.4832393288614487,1.3454826856169215,1.023307198572442,0.00371402042711234,11.367802585193887
Uganda,Pigeon Pea,34,0.46911356419389594,0.38992620254290034,0.20087491799245533,0.5830826285175562,0.35705777803652283,0.3822077105251009,0.04132231404958678,1.4404973357015989
Uganda,Potato,66,4.897971093550272,3.573536065823143,1.9194876579518487,5.6816225590955804,5.088418062554337,3.7621349011437317,0.278372591006424,24.776041666666668
Uganda,Rice,88,2.192585568695781,0.9910160717510383,0.614804587935429,1.8005642251313576,3.311496895746624,1.1857596371959285,0.07716049382716049,20.037752414398597
Uganda,Sesame Seed,77,0.6095938550469773,0.407098121085595,0.2267833981841764,0.6724137931034483,0.8775775750499087,0.4456303949192719,0.05656108597285068,5.6
Uganda,Sorghum,140,1.1921980858709278,0.7454379562043796,0.4484913793103449,1.3494897959183674,1.3637284483920449,0.9009984166080225,0.00686947988223748,7.733333333333333
Uganda,Soybean,91,0.9548246554483815,0.48503937007874015,0.30169799878714376,0.8545251556866602,2.1130280521815363,0.5528271568995164,0.04918032786885246,18.42608695652174
Uganda,Sweet Potatoes,156,4.187004804665942,2.7746707399864223,1.5764309469630666,5.274323461299718,5.044482513943807,3.697892514336652,0.2962962962962963,43.21039182282794
Zambia,Bambara groundnut,582,0.8502117502605784,0.7311440587330147,0.4406565656393714,1.0575158204880215,0.6214018472031774,0.6168592548486501,0.00571428571428571,3.996590752344736
Zambia,Barley,36,6.871296998717024,7.164847240219302,6.178571428913466,7.853015570623819,1.399670923780489,1.674444141710353,3.7037037037037033,9.3
Zambia,Beans (mixed),1407,0.5311789523103524,0.4900984529176744,0.33333333333333337,0.6666666666666667,0.30540261509550415,0.33333333333333337,7.8171400739096e-4,2.881818181818182
Zambia,Cassava,10,3.1234781719425655,2,0.8421052631578947,3.997346816179415,3.582121109732025,3.1552415530215203,0.04347826086956521,11.7
Zambia,Coffee,4,0.9021134700425599,0.8555555555479081,0.6000000001154826,1.1576690254749855,0.35703935827032046,0.5576690253595029,0.6000000001154825,1.297342768958941
Zambia,Cottonseed,630,0.7310933047863255,0.688608225120514,0.4999999999044479,0.9185888738127544,0.40317406646584797,0.41858887390830657,0.00253846153846153,4.0000000017571935
Zambia,Cowpea,653,0.5339499684867047,0.4293593662541753,0.2549641653728898,0.6799592898713274,0.4614451898385442,0.42499512449843757,0.00194444444444444,6.016528925619835
Zambia,Maize,2368,1.768536939205381,1.6562317519195786,1.1250275409286443,2.3148167166635054,0.9401656076142731,1.189789175734861,0.00906095551894563,7.918698954292968
Zambia,Millet,1166,0.6728698038050022,0.6100986733393136,0.3535489723764823,0.9019745517511133,0.45904694665417695,0.548425579374631,0.00346334944255591,5.8
Zambia,Pineapple,22,5.2383482126183,3.1169346327056955,1.629428571248824,6.812451548807292,5.273136692601234,5.183022977558468,0.064399998849059,19.31999996476814
Zambia,Potato,358,8.667294581338606,2.514538519070091,1.1835927444772802,7.4025000007392,16.24778100127739,6.21890725626192,0.0500000011590909,156.90198618307429
Zambia,Rice,965,1.1254308617100774,1.0238261756290767,0.6666666666666666,1.4903783094717664,0.6694925736880676,0.8237116428050998,0.00340208947227431,5.393011922978473
Zambia,Sorghum,1277,0.6996433320590519,0.6319532684416168,0.3679999995352372,0.8925146950047093,0.4795559540470713,0.524514695469472,1.6181229773462e-4,4.209003215434084
Zambia,Soybean,1191,1.0230259478998118,0.8013815116711861,0.5265646388208076,1.282586565081513,0.7539668791492715,0.7560219262607053,0.01374749029044008,6.846164750476161
Zambia,Sugarcane,19,8.988220377334542,2.5600000010505224,2,3.9999999981630068,18.268271554114815,1.9999999981630068,0.8000000012828441,80.00000001582363
Zambia,Sunflower Seed,1093,0.5549985820720617,0.45542211813824257,0.30113202759840646,0.6551724137931035,0.43741580407047786,0.3540403861946971,0.01273885350318471,4.444799994123512
Zambia,Sweet Potatoes,1145,2.9538646762201117,2.7682515187110712,1.893625955885603,3.6900420116902097,1.827020700906848,1.7964160558046067,0.01112639482517461,37.45589457270326
Zambia,Velvet Bean,36,1.1488421007014895,0.5,0.2785000006865782,0.9250000002854153,2.082120860158004,0.6464999995988371,0.00493827153887049,12.000000006500674
Zambia,Wheat,216,5.3250272375169585,6,4.636742892459827,6.823077748522255,2.21833365435747,2.1863348560624285,0.1,8.928571428571429
Zimbabwe,Bambara groundnut,8,0.26372849603873644,0.2509932809717276,0.17783991154085885,0.32870816029395583,0.12036726519027559,0.15086824875309698,0.1121641791044776,0.481786133960047
Zimbabwe,Beans (Rosecoco),88,0.4482324559604552,0.44488292763798365,0.2901560977008199,0.5456275845990384,0.2215658014121149,0.25547148689821847,0.06435643564356436,1.1588684650274528
Zimbabwe,Cowpea,48,0.2932005932384024,0.309852181622474,0.1787992803895612,0.370525823196865,0.11666835527195911,0.1917265428073038,0.11286546523656558,0.5451160753394656
Zimbabwe,Groundnuts (In Shell),248,0.45783997669834164,0.4455290270169724,0.2935831025119525,0.6036040850674852,0.2336577087388505,0.3100209825555327,0.00583675612241746,1.5038357134427005
Zimbabwe,Maize,423,0.8584625788108866,0.7175067364083056,0.39091836734693874,1.1932441823515785,0.6137830886586861,0.8023258150046397,0.02460582895365504,3.144467324157364
Zimbabwe,Millet,331,0.40272286958546055,0.3520159351603819,0.2462170194975359,0.48874475948405566,0.3507747890187407,0.24252773998651975,3.7620573939476e-4,5.29645994697718
Zimbabwe,Rape,56,0.3446110798152962,0.33687549098427366,0.2572326473016403,0.4223731443924038,0.14264926402819636,0.1651404970907635,0.1121641791044776,0.865506329113924
Zimbabwe,Rice,30,0.36701299982612895,0.30793650793650795,0.2097053726169844,0.3888888888888889,0.23445563007908693,0.17918351627190449,0.04310344827586207,1
Zimbabwe,Sesame Seed,37,0.37967146205144664,0.34263320629898614,0.20192307692307693,0.45190677966101694,0.2525438909770344,0.24998370273794002,0.05,1.167821401077752
Zimbabwe,Sorghum,279,0.5193766030982232,0.4519127773527161,0.2718329593153727,0.6306852739738127,0.4440919462638143,0.35885231465844,0.02032462949894142,5.504655056932351
Zimbabwe,Soybean,174,0.896555100357524,0.6861205786516362,0.43777412280701755,1.250276176461401,0.6840720247039305,0.8125020536543834,0.04347826086956521,3.4512635379061374
Zimbabwe,Sunflower Seed,199,0.4342131655718993,0.4090909090909091,0.28752815490558165,0.5962160097051723,0.21036341145418797,0.30868785479959066,0.00908286166474422,1.261528742893241
Zimbabwe,Sweet Potatoes,64,8.438064883133896,7.7236999355798925,6.239257253571333,9.91064291680393,4.137934094083085,3.6713856632325967,0.60431654676259,20.525144270403956
